Symbol,B/S,Qty,Fill Price,Trade Date,Commission,Fees
AAPL,BUY,100,195.00,2026-01-02T15:00:00Z,1.00,0.00
AAPL,SELL,100,198.50,2026-01-02T20:30:00Z,1.00,0.03
NVDA,BUY,50,180.10,2026-01-05T09:35:00-05:00,0.50,0.00
NVDA,BUY,50,179.40,2026-01-05T09:52:00-05:00,0.50,0.00
NVDA,SELL,60,182.00,2026-01-05T11:05:00-05:00,0.60,0.02
NVDA,SELL,40,183.25,2026-01-05T14:30:00-05:00,0.40,0.01
TSLA,SELL,30,260.50,2026-01-06T10:02:00-05:00,1.00,0.02
TSLA,BUY,30,255.20,2026-01-06T13:47:00-05:00,1.00,0.00
SPY 260109C00590000,BUY,2,3.40,2026-01-07T10:15:00-05:00,1.30,0.04
SPY 260109C00590000,SELL,2,4.10,2026-01-07T15:20:00-05:00,1.30,0.05
QQQ 260109P00510000,SELL,1,2.15,2026-01-07T10:40:00-05:00,0.65,0.03
QQQ 260109P00510000,BUY,1,0.95,2026-01-08T11:10:00-05:00,0.65,0.02
MSFT,BUY,20,420.00,2026-01-08T23:31:00+08:00,1.00,0.00
MSFT,SELL,20,424.80,2026-01-09T04:15:00+08:00,1.00,0.01
AMD,BUY,40,120.00,2026-01-09T09:45:00-05:00,1.00,0.00
